Year,Revenue,OpCosts55%,Depreciation,EBIT,Taxes30%,NOPLAT,DepAddback,Capex,DeltaWC,SalvageAT,WCRecovery,FCF,DiscountFactor,PV
0,-30000000,0,0,0,0,0,0,-30000000,0,0,0,-30000000,1.000000,-30000000
1,18000000,-9900000,-4400000,3700000,-1110000,2590000,4400000,0,-1800000,0,0,5190000,0.900901,4675676
2,20160000,-11088000,-4400000,4672000,-1401600,3270400,4400000,0,-216000,0,0,7454400,0.811622,6053512
3,22579200,-12418560,-4400000,5760640,-1728192,4032448,4400000,0,-241920,0,0,8190528,0.731193,5995054
4,25288704,-13908787,-4400000,6979917,-2093975,4885942,4400000,0,-270950,0,0,9014991,0.658731,5930711
5,28323349,-15577842,-4400000,8345507,-2503652,5841855,4400000,0,-303465,5600000,2527955,18066345,0.593451,10728909
